epoch,AUC,accuracy,binary_accuracy,loss,precision,recall,val_AUC,val_accuracy,val_binary_accuracy,val_loss,val_precision,val_recall
0,0.8396979570388794,0.8039215803146362,0.8039215803146362,0.4073972702026367,0.6111111044883728,0.5116279125213623,0.9104167222976685,0.8701298832893372,0.8701298832893372,0.3025759160518646,0.7333333492279053,0.6470588445663452
