epoch,AUC,accuracy,binary_accuracy,loss,precision,recall,val_AUC,val_accuracy,val_binary_accuracy,val_loss,val_precision,val_recall
0,0.7841880321502686,0.8039215803146362,0.8039215803146362,4.85084342956543,0.5795454382896423,0.6071428656578064,0.9538606405258179,0.9025974273681641,0.9025974273681641,0.3461972773075104,0.95652174949646,0.6111111044883728
1,0.9861765503883362,0.9467787146568298,0.9467787146568298,0.1501879245042801,0.891566276550293,0.8809523582458496,0.9661018252372742,0.9285714030265808,0.9285714030265808,0.1795092076063156,0.931034505367279,0.75
