epoch,accuracy,binary_accuracy,loss,val_accuracy,val_binary_accuracy,val_loss
0,0.7507002949714661,0.7507002949714661,0.6774129867553711,0.798701286315918,0.798701286315918,0.36201995611190796
1,0.8207283020019531,0.8207283020019531,0.3531283140182495,0.9155844449996948,0.9155844449996948,0.2982325255870819
