accuracy,balanced_accuracy,fscore,seed
0.8949771689497716,0.8427871148459384,0.7676767676767676,767
