accuracy,balanced_accuracy,fscore,seed,type_of_image,model
0.8954545454545455,0.8634992458521871,0.780952380952381,51,rgb,cnn
