accuracy,balanced_accuracy,fscore,seed,type_of_image,model
0.8909090909090909,0.7783965657268825,0.7073170731707317,289,raw,lwcnn
