accuracy,balanced_accuracy,fscore,seed
0.9269406392694064,0.8636204481792717,0.8260869565217391,720
