accuracy,balanced_accuracy,fscore,seed
0.9269406392694064,0.8977591036414565,0.8431372549019608,269
