accuracy,balanced_accuracy,fscore,seed,type_of_image,model
0.8681818181818182,0.7636036663185984,0.6666666666666666,767,raw,cnn
