accuracy,balanced_accuracy,fscore,seed,type_of_image,model
0.9454545454545454,0.9234249912982945,0.8823529411764706,51,rgb,vgg19
