accuracy,balanced_accuracy,fscore,seed,type_of_image,model
0.8136363636363636,0.6185752407471865,0.3880597014925373,404,rgb,cnn
