accuracy,balanced_accuracy,fscore,seed
0.9269406392694064,0.8772759103641457,0.8333333333333334,767
