accuracy,balanced_accuracy,fscore,seed
0.8949771689497716,0.8154761904761905,0.7472527472527473,42
