accuracy,balanced_accuracy,fscore,seed
0.8995433789954338,0.8730742296918768,0.7924528301886793,269
