accuracy,balanced_accuracy,fscore,seed
0.91324200913242,0.8273809523809523,0.7816091954022989,767
