accuracy,balanced_accuracy,fscore,seed,type_of_image,model
0.9181818181818182,0.8919828286344124,0.8269230769230769,404,rgb,lwcnn2
