accuracy,balanced_accuracy,fscore,seed
0.8904109589041096,0.8261554621848739,0.75,767
