accuracy,balanced_accuracy,fscore,seed,type_of_image,model
0.8818181818181818,0.8203967977723634,0.7346938775510204,404,raw,lwcnn
