accuracy,balanced_accuracy,fscore,seed
0.9223744292237442,0.8401610644257703,0.8045977011494253,42
