accuracy,balanced_accuracy,fscore,seed,type_of_image,model
0.9454545454545454,0.8823529411764706,0.8666666666666667,42,rgb,vgg19
