accuracy,balanced_accuracy,fscore,seed
0.8995433789954338,0.8321078431372549,0.7659574468085106,289
