accuracy,balanced_accuracy,fscore,seed
0.8721461187214612,0.8347338935574229,0.7358490566037735,666
