accuracy,balanced_accuracy,fscore,seed
0.8995433789954338,0.8389355742296918,0.7708333333333334,171
