accuracy,balanced_accuracy,fscore,seed,type_of_image,model
0.8863636363636364,0.8233553776540202,0.7422680412371134,767,rgb,cnn
