accuracy,balanced_accuracy,fscore,seed,type_of_image,model
0.8863636363636364,0.8096646942800789,0.7311827956989247,720,rgb,lwcnn
