accuracy,balanced_accuracy,fscore,seed
0.9178082191780822,0.8440126050420168,0.8,767
