accuracy,balanced_accuracy,fscore,seed
0.908675799086758,0.8312324929971988,0.7777777777777778,51
