accuracy,balanced_accuracy,fscore,seed
0.8858447488584474,0.8095238095238095,0.7311827956989247,404
