accuracy,balanced_accuracy,fscore,seed
0.9269406392694064,0.8567927170868348,0.8222222222222222,269
