accuracy,balanced_accuracy,fscore,seed,type_of_image,model
0.9409090909090909,0.9341570947905788,0.8785046728971962,404,rgb,vgg19
