accuracy,balanced_accuracy,fscore,seed,type_of_image,model
0.9272727272727272,0.9389720385195499,0.8596491228070176,376,rgb,vgg19
