accuracy,balanced_accuracy,fscore,seed,type_of_image,model
0.8681818181818182,0.8662837916231582,0.7521367521367521,51,raw,cnn
