accuracy,balanced_accuracy,fscore,seed
0.9452054794520548,0.9233193277310925,0.8823529411764706,666
