accuracy,balanced_accuracy,fscore,seed,type_of_image,model
0.7863636363636364,0.5392156862745098,0.14545454545454545,404,raw,lwcnn2
