accuracy,balanced_accuracy,fscore,seed,type_of_image,model
0.8909090909090909,0.8742313493444716,0.7818181818181819,767,rgb,lwcnn2
