accuracy,balanced_accuracy,fscore,seed
0.9223744292237442,0.8742997198879552,0.8247422680412371,666
