accuracy,balanced_accuracy,fscore,seed
0.91324200913242,0.8615196078431373,0.8041237113402062,171
