accuracy,balanced_accuracy,fscore,seed
0.9315068493150684,0.907563025210084,0.8543689320388349,269
