accuracy,balanced_accuracy,fscore,seed,type_of_image,model
0.9045454545454545,0.8831070889894419,0.8037383177570093,171,rgb,cnn
