accuracy,balanced_accuracy,fscore,seed,type_of_image,model
0.8681818181818182,0.8594384499361876,0.7478260869565218,376,rgb,lwcnn
