accuracy,balanced_accuracy,fscore,seed
0.8767123287671232,0.7967436974789917,0.7096774193548387,289
