accuracy,balanced_accuracy,fscore,seed,type_of_image,model
0.8863636363636364,0.8986541362106972,0.7899159663865546,51,raw,lwcnn
