accuracy,balanced_accuracy,fscore,seed,type_of_image,model
0.9090909090909091,0.8586843021232161,0.7959183673469388,720,raw,lwcnn
