accuracy,balanced_accuracy,fscore,seed,type_of_image,model
0.8954545454545455,0.8498085624782457,0.7722772277227723,289,rgb,lwcnn
