accuracy,balanced_accuracy,fscore,seed,type_of_image,model
0.8681818181818182,0.8457477665622462,0.7387387387387387,269,raw,lwcnn
