accuracy,balanced_accuracy,fscore,seed
0.9406392694063926,0.906687675070028,0.8686868686868687,269
