accuracy,balanced_accuracy,fscore,seed,type_of_image,model
0.9545454545454546,0.9567235178094906,0.9074074074074074,720,rgb,vgg19
