accuracy,balanced_accuracy,fscore,seed,type_of_image,model
0.8681818181818182,0.8731291333101288,0.7563025210084033,289,rgb,cnn
