accuracy,balanced_accuracy,fscore,seed,type_of_image,model
0.9181818181818182,0.8372200951386473,0.7954545454545454,171,raw,cnn
