accuracy,balanced_accuracy,fscore,seed
0.8858447488584474,0.7958683473389356,0.7191011235955056,289
