accuracy,balanced_accuracy,fscore,seed
0.9269406392694064,0.8704481792717087,0.8297872340425532,404
