accuracy,balanced_accuracy,fscore,seed
0.9041095890410958,0.8487394957983193,0.7835051546391752,51
