accuracy,balanced_accuracy,fscore,seed
0.9178082191780822,0.8371848739495799,0.7954545454545454,171
