accuracy,balanced_accuracy,fscore,seed,type_of_image,model
0.8681818181818182,0.9073558417449821,0.7751937984496124,51,rgb,vgg19
