accuracy,balanced_accuracy,fscore,seed,type_of_image,model
0.8863636363636364,0.884963452836756,0.782608695652174,51,rgb,cnn
