accuracy,balanced_accuracy,fscore,seed
0.9269406392694064,0.8909313725490196,0.84,666
