accuracy,balanced_accuracy,fscore,seed,type_of_image,model
0.8772727272727273,0.8174382178907066,0.7272727272727273,269,rgb,cnn
