accuracy,balanced_accuracy,fscore,seed,type_of_image,model
0.9227272727272727,0.8470240167072747,0.8089887640449438,376,raw,lwcnn2
