accuracy,balanced_accuracy,fscore,seed
0.8858447488584474,0.7753851540616246,0.6987951807228916,42
