accuracy,balanced_accuracy,fscore,seed
0.8995433789954338,0.811624649859944,0.75,171
