accuracy,balanced_accuracy,fscore,seed,type_of_image,model
0.9590909090909091,0.9459914143172061,0.912621359223301,171,rgb,vgg19
