accuracy,balanced_accuracy,fscore,seed,type_of_image,model
0.8772727272727273,0.7832115094558534,0.6966292134831461,767,raw,cnn
