accuracy,balanced_accuracy,fscore,seed,type_of_image,model
0.8181818181818182,0.7105232625594616,0.5652173913043478,289,rgb,cnn
