accuracy,balanced_accuracy,fscore,seed
0.908675799086758,0.8380602240896359,0.782608695652174,51
