accuracy,balanced_accuracy,fscore,seed,type_of_image,model
0.9090909090909091,0.8723749854971574,0.803921568627451,42,rgb,cnn
