accuracy,balanced_accuracy,fscore,seed,type_of_image,model
0.9318181818181818,0.9350852767142359,0.8648648648648649,171,rgb,lwcnn
