accuracy,balanced_accuracy,fscore,seed
0.8949771689497716,0.8632703081232493,0.780952380952381,269
