accuracy,balanced_accuracy,fscore,seed
0.908675799086758,0.8448879551820728,0.7872340425531915,171
