accuracy,balanced_accuracy,fscore,seed
0.958904109589041,0.9322478991596639,0.9090909090909091,720
