accuracy,balanced_accuracy,fscore,seed,type_of_image,model
0.8772727272727273,0.8516649263255598,0.7522935779816514,404,raw,cnn
