accuracy,balanced_accuracy,fscore,seed
0.8949771689497716,0.8564425770308124,0.7766990291262136,171
