accuracy,balanced_accuracy,fscore,seed
0.9269406392694064,0.8841036414565826,0.8367346938775511,376
