accuracy,balanced_accuracy,fscore,seed
0.9178082191780822,0.8781512605042017,0.82,666
