accuracy,balanced_accuracy,fscore,seed,type_of_image,model
0.8454545454545455,0.7488107669103143,0.6304347826086957,42,rgb,cnn
