accuracy,balanced_accuracy,fscore,seed,type_of_image,model
0.8454545454545455,0.6872026917275786,0.5405405405405406,666,rgb,lwcnn2
