accuracy,balanced_accuracy,fscore,seed,type_of_image,model
0.9090909090909091,0.8929110105580694,0.8148148148148148,720,raw,lwcnn2
