accuracy,balanced_accuracy,fscore,seed
0.8949771689497716,0.8223039215686274,0.7526881720430108,51
