accuracy,balanced_accuracy,fscore,seed,type_of_image,model
0.8954545454545455,0.8566539041652164,0.7766990291262136,666,raw,cnn
