accuracy,balanced_accuracy,fscore,seed
0.9452054794520548,0.9301470588235294,0.8846153846153846,720
