accuracy,balanced_accuracy,fscore,seed
0.8401826484018264,0.7797619047619048,0.6601941747572816,51
