accuracy,balanced_accuracy,fscore,seed
0.908675799086758,0.8653711484593838,0.8,720
