accuracy,balanced_accuracy,fscore,seed
0.8904109589041096,0.8329831932773109,0.7551020408163265,289
