accuracy,balanced_accuracy,fscore,seed,type_of_image,model
0.9090909090909091,0.8792203271841281,0.8076923076923077,376,raw,cnn
