accuracy,balanced_accuracy,fscore,seed
0.8949771689497716,0.8291316526610644,0.7578947368421053,51
