accuracy,balanced_accuracy,fscore,seed
0.908675799086758,0.8517156862745099,0.7916666666666666,289
