accuracy,balanced_accuracy,fscore,seed
0.9223744292237442,0.8879551820728291,0.8316831683168316,666
