accuracy,balanced_accuracy,fscore,seed,type_of_image,model
0.8590909090909091,0.8056038983640794,0.6990291262135923,42,rgb,lwcnn
