accuracy,balanced_accuracy,fscore,seed,type_of_image,model
0.8727272727272727,0.7802529295741965,0.6888888888888889,376,rgb,cnn
