accuracy,balanced_accuracy,fscore,seed,type_of_image,model
0.9636363636363636,0.9352593108249216,0.9183673469387755,269,rgb,vgg19
