accuracy,balanced_accuracy,fscore,seed,type_of_image,model
0.9272727272727272,0.8636732799628728,0.8260869565217391,666,raw,lwcnn2
