accuracy,balanced_accuracy,fscore,seed,type_of_image,model
0.8545454545454545,0.7957999767954519,0.6862745098039216,376,rgb,lwcnn
