accuracy,balanced_accuracy,fscore,seed,type_of_image,model
0.9045454545454545,0.8557257222415593,0.7878787878787878,666,rgb,cnn
