accuracy,balanced_accuracy,fscore,seed,type_of_image,model
0.8545454545454545,0.7410372432996868,0.627906976744186,42,raw,cnn
