accuracy,balanced_accuracy,fscore,seed,type_of_image,model
0.7863636363636364,0.5529063696484511,0.2033898305084746,51,raw,lwcnn2
