accuracy,balanced_accuracy,fscore,seed,type_of_image,model
0.8590909090909091,0.7645318482422555,0.6593406593406593,171,rgb,lwcnn2
