accuracy,balanced_accuracy,fscore,seed,type_of_image,model
0.9181818181818182,0.898828170321383,0.8301886792452831,289,raw,lwcnn2
