accuracy,balanced_accuracy,fscore,seed,type_of_image,model
0.8863636363636364,0.9260355029585798,0.8031496062992126,376,rgb,vgg19
