accuracy,balanced_accuracy,fscore,seed,type_of_image,model
0.9590909090909091,0.9323007309432649,0.9090909090909091,171,rgb,vgg19
