accuracy,balanced_accuracy,fscore,seed,type_of_image,model
0.9636363636363636,0.9557953358858335,0.9230769230769231,666,rgb,vgg19
