accuracy,balanced_accuracy,fscore,seed,type_of_image,model
0.9590909090909091,0.9254553892562942,0.9072164948453608,51,rgb,lwcnn
