accuracy,balanced_accuracy,fscore,seed,type_of_image,model
0.9727272727272728,0.9685578373361179,0.9423076923076923,404,rgb,vgg19
