accuracy,balanced_accuracy,fscore,seed,type_of_image,model
0.9136363636363637,0.8753335653788142,0.8118811881188119,666,rgb,lwcnn
