accuracy,balanced_accuracy,fscore,seed,type_of_image,model
0.8727272727272727,0.7665622462002553,0.6744186046511628,42,raw,lwcnn
