accuracy,balanced_accuracy,fscore,seed,type_of_image,model
0.9045454545454545,0.8967977723633832,0.8108108108108109,51,raw,lwcnn
