accuracy,balanced_accuracy,fscore,seed,type_of_image,model
0.8772727272727273,0.8585102680125305,0.7567567567567568,404,rgb,lwcnn
