accuracy,balanced_accuracy,fscore,seed,type_of_image,model
0.9090909090909091,0.8313029353753336,0.7777777777777778,42,rgb,lwcnn
