accuracy,balanced_accuracy,fscore,seed,type_of_image,model
0.9090909090909091,0.8860656688710987,0.8113207547169812,171,raw,cnn
