accuracy,balanced_accuracy,fscore,seed
0.821917808219178,0.7473739495798319,0.6138613861386139,51
