accuracy,balanced_accuracy,fscore,seed
0.91324200913242,0.8546918767507004,0.8,404
