accuracy,balanced_accuracy,fscore,seed
0.9315068493150684,0.8665966386554622,0.8351648351648352,269
