accuracy,balanced_accuracy,fscore,seed
0.91324200913242,0.8410364145658263,0.7912087912087912,51
