accuracy,balanced_accuracy,fscore,seed
0.8995433789954338,0.8525910364145658,0.78,171
