accuracy,balanced_accuracy,fscore,seed
0.9178082191780822,0.8644957983193278,0.8125,171
