accuracy,balanced_accuracy,fscore,seed,type_of_image,model
0.8545454545454545,0.6931198514908922,0.5555555555555556,666,rgb,resnet
