accuracy,balanced_accuracy,fscore,seed
0.9315068493150684,0.8870798319327731,0.845360824742268,376
