accuracy,balanced_accuracy,fscore,seed,type_of_image,model
0.9363636363636364,0.8901264647870983,0.8541666666666666,171,rgb,vgg19
