accuracy,balanced_accuracy,fscore,seed,type_of_image
0.8954545454545455,0.8018911706694511,0.735632183908046,666,raw
