accuracy,balanced_accuracy,fscore,seed
0.91324200913242,0.8342086834733893,0.7865168539325843,404
