accuracy,balanced_accuracy,fscore,seed
0.9315068493150684,0.8597689075630253,0.8314606741573034,767
