accuracy,balanced_accuracy,fscore,seed,type_of_image,model
0.8863636363636364,0.8438914027149321,0.7572815533980582,666,rgb,lwcnn
