accuracy,balanced_accuracy,fscore,seed
0.9223744292237442,0.894782913165266,0.8349514563106796,720
