accuracy,balanced_accuracy,fscore,seed,type_of_image,model
0.8681818181818182,0.7362222995707158,0.6329113924050633,42,rgb,resnet
