accuracy,balanced_accuracy,fscore,seed,type_of_image,model
0.8409090909090909,0.7869242371504814,0.6666666666666666,289,raw,cnn
