accuracy,balanced_accuracy,fscore,seed
0.863013698630137,0.8151260504201681,0.7115384615384616,720
