accuracy,balanced_accuracy,fscore,seed,type_of_image,model
0.8727272727272727,0.7939436129481379,0.7021276595744681,171,rgb,lwcnn
