accuracy,balanced_accuracy,fscore,seed
0.8858447488584474,0.8231792717086834,0.7422680412371134,42
