accuracy,balanced_accuracy,fscore,seed
0.9178082191780822,0.8303571428571428,0.7906976744186046,767
