accuracy,balanced_accuracy,fscore,seed
0.9452054794520548,0.8960084033613446,0.8723404255319149,404
