accuracy,balanced_accuracy,fscore,seed
0.8127853881278538,0.748249299719888,0.6095238095238096,289
