accuracy,balanced_accuracy,fscore,seed
0.8858447488584474,0.8163515406162465,0.7368421052631579,289
