accuracy,balanced_accuracy,fscore,seed
0.9269406392694064,0.8499649859943978,0.8181818181818182,42
