accuracy,balanced_accuracy,fscore,seed
0.9178082191780822,0.8508403361344538,0.8043478260869565,42
