accuracy,balanced_accuracy,fscore,seed,type_of_image,model
0.8909090909090909,0.8126232741617356,0.7391304347826086,720,raw,lwcnn
