accuracy,balanced_accuracy,fscore,seed,type_of_image
0.8590909090909091,0.7303051398074022,0.6172839506172839,404,raw
