accuracy,balanced_accuracy,fscore,seed
0.908675799086758,0.8244047619047619,0.7727272727272727,42
