accuracy,balanced_accuracy,fscore,seed,type_of_image,model
0.9227272727272727,0.8880960668290985,0.8316831683168316,376,raw,lwcnn2
