accuracy,balanced_accuracy,fscore,seed,type_of_image,model
0.8772727272727273,0.7763661677688827,0.6896551724137931,42,rgb,lwcnn2
