accuracy,balanced_accuracy,fscore,seed,type_of_image,model
0.8727272727272727,0.8623970298178443,0.7543859649122807,289,rgb,lwcnn2
