accuracy,balanced_accuracy,fscore,seed,type_of_image,model
0.9272727272727272,0.8568279382759021,0.8222222222222222,269,raw,lwcnn2
