accuracy,balanced_accuracy,fscore,seed,type_of_image,model
0.9090909090909091,0.8381482770623042,0.782608695652174,720,raw,lwcnn2
