accuracy,balanced_accuracy,fscore,seed
0.908675799086758,0.8175770308123249,0.7674418604651163,269
