accuracy,balanced_accuracy,fscore,seed
0.9041095890410958,0.8419117647058824,0.7789473684210526,404
