accuracy,balanced_accuracy,fscore,seed
0.9041095890410958,0.8146008403361344,0.7586206896551724,404
