accuracy,balanced_accuracy,fscore,seed
0.91324200913242,0.8751750700280112,0.8118811881188119,720
