accuracy,balanced_accuracy,fscore,seed
0.9223744292237442,0.8469887955182074,0.8089887640449438,42
