accuracy,balanced_accuracy,fscore,seed
0.908675799086758,0.8585434173669467,0.7959183673469388,289
