accuracy,balanced_accuracy,fscore,seed
0.9223744292237442,0.8538165266106442,0.8131868131868132,171
