accuracy,balanced_accuracy,fscore,seed
0.8949771689497716,0.7949929971988795,0.7294117647058823,289
