accuracy,balanced_accuracy,fscore,seed
0.8858447488584474,0.8778011204481793,0.7787610619469026,666
