accuracy,balanced_accuracy,fscore,seed
0.9360730593607306,0.8832282913165266,0.851063829787234,767
