accuracy,balanced_accuracy,fscore,seed
0.9360730593607306,0.8695728291316527,0.8444444444444444,767
