accuracy,balanced_accuracy,fscore,seed
0.91324200913242,0.8478641456582633,0.7956989247311828,42
