accuracy,balanced_accuracy,fscore,seed
0.9223744292237442,0.8606442577030813,0.8172043010752689,404
