accuracy,balanced_accuracy,fscore,seed
0.9406392694063926,0.920343137254902,0.8737864077669902,666
