accuracy,balanced_accuracy,fscore,seed
0.8538812785388128,0.8160014005602241,0.7037037037037037,720
