accuracy,balanced_accuracy,fscore,seed
0.9041095890410958,0.8282563025210083,0.7692307692307693,42
