accuracy,balanced_accuracy,fscore,seed
0.8401826484018264,0.7729341736694678,0.6534653465346535,289
