accuracy,balanced_accuracy,fscore,seed
0.908675799086758,0.8790266106442577,0.8076923076923077,720
